City_ID,City,Country,Date,Lat,Lng,Max Temp,Humidity,Cloudiness,Wind Speed
0,Shingu,JP,2022-09-15 04:52:12,33.7333,135.9833,80.78,68,90,12.37
1,Castro,BR,2022-09-15 04:45:01,-24.7911,-50.0119,54.25,98,99,4.85
2,Ayan,RU,2022-09-15 04:52:13,56.45,138.1667,51.53,54,2,19.15
3,Vaini,TO,2022-09-15 04:44:57,-21.2,-175.2,80.76,78,75,6.91
4,Busselton,AU,2022-09-15 04:46:15,-33.65,115.3333,61.12,64,68,16.2
5,Contamana,PE,2022-09-15 04:52:14,-7.3333,-75.0167,75.09,76,59,1.9
6,Poum,NC,2022-09-15 04:46:25,-20.2333,164.0167,73.72,73,18,18.19
7,Sakaiminato,JP,2022-09-15 04:52:14,35.55,133.2333,84.13,74,75,14.97
8,Rikitea,PF,2022-09-15 04:46:10,-23.1203,-134.9692,70.63,73,9,13.22
9,Barrow,US,2022-09-15 04:45:09,71.2906,-156.7887,35.62,87,100,25.32
10,Hobart,AU,2022-09-15 04:46:23,-42.8794,147.3294,58.86,58,75,5.75
11,Qaqortoq,GL,2022-09-15 04:50:15,60.7167,-46.0333,46.71,70,12,2.77
12,Port Hardy,CA,2022-09-15 04:42:16,50.6996,-127.4199,51.8,93,75,3.44
13,Yellowknife,CA,2022-09-15 04:45:39,62.456,-114.3525,50.56,71,20,5.75
14,Jamestown,US,2022-09-15 04:44:58,42.097,-79.2353,60.71,82,100,6.91
15,Port Alfred,ZA,2022-09-15 04:44:53,-33.5906,26.891,60.19,86,9,3.0
16,Andenes,NO,2022-09-15 04:52:17,69.3143,16.1194,48.18,76,0,14.97
17,Sal Rei,CV,2022-09-15 04:52:17,16.1833,-22.9167,80.17,84,95,13.42
18,Arraial Do Cabo,BR,2022-09-15 04:47:40,-22.9661,-42.0278,68.11,93,78,7.72
19,Thompson,CA,2022-09-15 04:41:37,55.7435,-97.8558,50.16,76,100,2.3
20,New Norfolk,AU,2022-09-15 04:52:18,-42.7826,147.0587,58.5,58,100,1.01
21,Bosaso,SO,2022-09-15 04:52:18,11.2842,49.1816,94.98,36,0,12.66
22,Port Moresby,PG,2022-09-15 04:47:38,-9.4431,147.1797,90.82,58,40,11.5
23,Kasama,ZM,2022-09-15 04:52:19,-10.2129,31.1808,60.96,58,33,6.22
24,Lebu,CL,2022-09-15 04:45:03,-37.6167,-73.65,49.98,85,100,6.49
25,Helsinki,FI,2022-09-15 04:50:21,60.1695,24.9355,55.96,89,40,9.22
26,Hermanus,ZA,2022-09-15 04:44:57,-34.4187,19.2345,56.16,79,59,3.71
27,Yenagoa,NG,2022-09-15 04:52:20,4.9247,6.2642,74.16,96,100,3.2
28,Kaitangata,NZ,2022-09-15 04:52:20,-46.2817,169.8464,49.57,62,76,18.5
29,Jos,NG,2022-09-15 04:52:21,9.9167,8.9,63.79,89,74,4.32
30,Maceio,BR,2022-09-15 04:52:21,-9.6658,-35.7353,72.84,94,75,3.44
31,Salalah,OM,2022-09-15 04:52:21,17.0151,54.0924,78.51,82,95,5.93
32,Meulaboh,ID,2022-09-15 04:52:22,4.1363,96.1285,85.84,62,33,7.09
33,Tuktoyaktuk,CA,2022-09-15 04:47:40,69.4541,-133.0374,39.2,81,40,18.41
34,Anadyr,RU,2022-09-15 04:46:27,64.75,177.4833,45.1,87,75,8.95
35,Valdez,EC,2022-09-15 04:52:22,1.2492,-78.9831,76.01,83,98,9.91
36,Ushuaia,AR,2022-09-15 04:45:09,-54.8,-68.3,47.86,40,0,12.66
37,Port Elizabeth,ZA,2022-09-15 04:41:16,-33.918,25.5701,63.32,73,0,14.97
38,Bambous Virieux,MU,2022-09-15 04:46:27,-20.3428,57.7575,75.22,64,20,12.66
39,Albany,US,2022-09-15 04:44:54,42.6001,-73.9662,64.81,80,11,1.01
40,Itarema,BR,2022-09-15 04:52:24,-2.9248,-39.9167,77.45,85,23,15.99
41,Ilulissat,GL,2022-09-15 04:45:21,69.2167,-51.1,42.82,93,100,5.75
42,Katima Mulilo,NA,2022-09-15 04:52:24,-17.5,24.2667,60.17,45,1,5.03
43,Mataura,NZ,2022-09-15 04:52:25,-46.1927,168.8643,46.47,70,76,12.93
44,Butaritari,KI,2022-09-15 04:46:18,3.0707,172.7902,81.52,72,38,8.21
45,Atuona,PF,2022-09-15 04:46:24,-9.8,-139.0333,76.53,75,17,17.85
46,Leningradskiy,RU,2022-09-15 04:48:50,69.3833,178.4167,35.42,99,100,4.38
47,Warrington,GB,2022-09-15 04:53:26,53.3925,-2.5802,59.11,83,100,8.05
48,Kungurtug,RU,2022-09-15 04:53:26,50.5994,97.5228,58.5,42,45,3.51
49,Mahebourg,MU,2022-09-15 04:46:26,-20.4081,57.7,75.25,64,20,12.66
50,Kamaishi,JP,2022-09-15 04:53:27,39.2667,141.8833,73.17,65,68,9.53
51,Georgetown,MY,2022-09-15 04:41:47,5.4112,100.3354,78.73,93,40,5.75
52,Chokurdakh,RU,2022-09-15 04:45:06,70.6333,147.9167,45.14,51,100,3.89
53,Qaanaaq,GL,2022-09-15 04:45:00,77.484,-69.3632,29.19,64,25,8.25
54,Khovu-Aksy,RU,2022-09-15 04:53:14,51.1333,93.6,46.35,70,91,7.14
55,Kavieng,PG,2022-09-15 04:53:28,-2.5744,150.7967,83.25,71,23,12.21
56,Puerto Ayora,EC,2022-09-15 04:44:58,-0.7393,-90.3518,64.54,96,46,5.01
57,Laizhou,CN,2022-09-15 04:53:28,37.1717,119.9214,70.29,98,100,9.24
58,Bundaberg,AU,2022-09-15 04:53:29,-24.85,152.35,73.22,62,54,7.0
59,Faanui,PF,2022-09-15 04:46:12,-16.4833,-151.75,77.92,74,12,22.15
60,Bredasdorp,ZA,2022-09-15 04:45:02,-34.5322,20.0403,52.3,92,51,2.46
61,Cape Town,ZA,2022-09-15 04:43:57,-33.9258,18.4232,61.38,83,0,5.75
62,Impfondo,CG,2022-09-15 04:53:30,1.6381,18.0667,70.59,85,100,1.39
63,The Valley,AI,2022-09-15 04:53:30,18.217,-63.0578,83.82,76,5,20.29
64,Kedrovyy,RU,2022-09-15 04:53:31,56.1667,91.8167,52.21,49,95,5.28
65,Deputatskiy,RU,2022-09-15 04:53:31,69.3,139.9,32.58,92,100,3.91
66,Clyde River,CA,2022-09-15 04:53:31,70.4692,-68.5914,35.83,93,100,4.61
67,Atbasar,KZ,2022-09-15 04:53:32,51.8,68.3333,56.01,34,50,10.49
68,Komsomolskiy,UZ,2022-09-15 04:47:43,40.4272,71.7189,77.72,31,0,2.3
69,Flinders,AU,2022-09-15 04:45:04,-34.5833,150.8552,63.05,73,100,7.09
70,Kapaa,US,2022-09-15 04:48:52,22.0752,-159.319,80.92,77,0,9.22
71,Marsh Harbour,BS,2022-09-15 04:53:33,26.5412,-77.0636,84.16,72,100,11.03
72,Broome,US,2022-09-15 04:53:33,42.2506,-75.833,60.17,89,0,1.99
73,Paso De Carrasco,UY,2022-09-15 04:53:33,-34.8603,-56.0522,52.95,100,75,4.61
74,Pittsburg,US,2022-09-15 04:53:34,38.028,-121.8847,65.28,79,76,4.0
75,Esperance,AU,2022-09-15 04:51:18,-33.8667,121.9,58.84,79,55,26.33
76,Chuy,UY,2022-09-15 04:51:28,-33.6971,-53.4616,50.13,96,0,5.73
77,Surman,LY,2022-09-15 04:53:35,32.7567,12.5716,77.77,45,0,7.61
78,Zavodskoy,RU,2022-09-15 04:53:35,43.4597,132.2922,63.99,82,100,4.47
79,Upata,VE,2022-09-15 04:48:52,8.0086,-62.3989,76.19,97,56,3.02
80,Lianran,CN,2022-09-15 04:53:36,24.9227,102.485,66.74,64,100,6.15
81,Hilo,US,2022-09-15 04:44:55,19.7297,-155.09,80.28,94,100,5.75
82,Touros,BR,2022-09-15 04:53:14,-5.1989,-35.4608,76.28,77,12,14.9
83,Punta Arenas,CL,2022-09-15 04:45:05,-53.15,-70.9167,39.31,70,0,16.11
84,Mehamn,NO,2022-09-15 04:53:37,71.0357,27.8492,44.55,70,75,11.5
85,Polunochnoye,RU,2022-09-15 04:53:37,60.8697,60.4153,48.76,67,99,6.67
86,Angouleme,FR,2022-09-15 04:53:37,45.65,0.15,64.04,91,0,4.61
87,Airai,TL,2022-09-15 04:53:38,-8.9266,125.4092,79.38,36,25,5.12
88,Ilo,PE,2022-09-15 04:53:38,-17.6394,-71.3375,58.1,82,22,3.62
89,Mukhen,RU,2022-09-15 04:53:39,48.1,136.1,68.16,60,100,4.72
90,Bluff,NZ,2022-09-15 04:47:30,-46.6,168.3333,46.8,73,87,29.84
91,Brae,GB,2022-09-15 04:54:39,60.3964,-1.353,50.63,69,36,19.28
92,Saint George,US,2022-09-15 04:44:17,37.1041,-113.5841,74.62,62,40,13.8
93,Teahupoo,PF,2022-09-15 04:54:40,-17.8333,-149.2667,73.36,77,63,24.99
94,Bengkulu,ID,2022-09-15 04:49:20,-3.8004,102.2655,83.61,66,54,7.11
95,Saint-Philippe,RE,2022-09-15 04:46:22,-21.3585,55.7679,74.79,65,35,11.05
96,Ouallam,NE,2022-09-15 04:54:40,14.3188,2.0866,83.97,67,10,12.73
97,Kruisfontein,ZA,2022-09-15 04:50:13,-34.0033,24.7314,58.5,51,56,7.34
98,Semporna,MY,2022-09-15 04:54:41,4.4818,118.6112,86.38,65,95,8.59
99,Capitao Poco,BR,2022-09-15 04:54:41,-1.7464,-47.0594,70.84,98,13,4.41
100,Coihaique,CL,2022-09-15 04:46:15,-45.5752,-72.0662,39.81,93,100,9.22
101,Souillac,MU,2022-09-15 04:54:42,-20.5167,57.5167,73.78,64,20,12.66
102,Acarau,BR,2022-09-15 04:54:42,-2.8856,-40.12,77.47,85,21,16.51
103,Montrose,US,2022-09-15 04:54:43,38.4166,-108.2673,48.72,80,75,8.03
104,San Patricio,US,2022-09-15 04:47:40,28.017,-97.5169,81.86,75,0,5.99
105,Tiksi,RU,2022-09-15 04:47:32,71.6872,128.8694,37.45,67,100,14.99
106,Longyearbyen,SJ,2022-09-15 04:50:06,78.2186,15.6401,28.72,82,95,2.91
107,Iqaluit,CA,2022-09-15 04:51:24,63.7506,-68.5145,40.73,80,100,4.61
108,Hanna,CA,2022-09-15 04:54:44,51.6334,-111.9018,54.86,67,1,6.93
109,Acapulco,MX,2022-09-15 04:54:44,16.8634,-99.8901,77.74,86,100,2.64
110,Camacha,PT,2022-09-15 04:54:45,33.0833,-16.3333,69.22,78,20,10.36
111,Cabo Rojo,PR,2022-09-15 04:54:45,18.0866,-67.1457,80.98,92,73,6.46
112,Kodiak,US,2022-09-15 04:44:56,57.79,-152.4072,51.31,82,75,5.75
113,Baiersbronn,DE,2022-09-15 04:54:46,48.5,8.3833,59.9,92,78,6.11
114,Port Lincoln,AU,2022-09-15 04:54:46,-34.7333,135.8667,57.79,65,96,25.37
115,Baykit,RU,2022-09-15 04:54:46,61.67,96.37,47.39,77,99,4.76
116,Carnarvon,AU,2022-09-15 04:46:14,-24.8667,113.6333,67.96,46,100,20.8
117,Kahului,US,2022-09-15 04:45:48,20.8947,-156.47,84.22,67,40,14.97
118,Toora-Khem,RU,2022-09-15 04:54:47,52.4675,96.11,46.11,74,100,4.23
119,Saint Anthony,US,2022-09-15 04:47:33,45.0205,-93.218,68.83,76,75,13.8
120,Guerrero Negro,MX,2022-09-15 04:45:02,27.9769,-114.0611,71.62,84,0,17.58
121,Warrnambool,AU,2022-09-15 04:54:48,-38.3833,142.4833,61.68,60,7,8.72
122,Saskylakh,RU,2022-09-15 04:46:15,71.9167,114.0833,35.98,94,100,10.49
123,Biak,ID,2022-09-15 04:54:48,-0.9131,122.8766,81.55,69,79,7.2
124,Goderich,CA,2022-09-15 04:45:34,43.7501,-81.7165,53.91,87,25,6.91
125,Quatre Cocos,MU,2022-09-15 04:54:49,-20.2078,57.7625,74.08,67,45,15.66
126,Abu Samrah,SY,2022-09-15 04:54:49,35.3029,37.1841,70.56,62,0,6.98
127,Taltal,CL,2022-09-15 04:50:20,-25.4,-70.4833,57.09,68,4,1.81
128,Lasa,IT,2022-09-15 04:54:50,46.6166,10.7002,63.48,93,83,2.15
129,Victoria,HK,2022-09-15 04:45:49,22.2855,114.1577,95.04,44,12,8.01
130,Tarakan,ID,2022-09-15 04:54:51,3.3,117.6333,85.5,74,40,3.44
131,East London,ZA,2022-09-15 04:45:10,-33.0153,27.9116,58.14,88,0,1.14
132,Hithadhoo,MV,2022-09-15 04:54:51,-0.6,73.0833,81.54,69,69,4.94
133,Narsaq,GL,2022-09-15 04:54:52,60.9167,-46.05,47.64,63,24,5.23
134,Coquimbo,CL,2022-09-15 04:51:20,-29.9533,-71.3436,53.33,82,0,3.44
135,Westport,US,2022-09-15 04:54:52,41.1415,-73.3579,72.75,83,0,5.01
136,Cabo San Lucas,MX,2022-09-15 04:45:55,22.8909,-109.9124,82.62,83,6,6.85
137,Umm Lajj,SA,2022-09-15 04:55:53,25.0213,37.2685,84.97,48,7,12.28
138,Timbiqui,CO,2022-09-15 04:55:53,2.7717,-77.6654,73.42,93,100,3.2
139,Shimanovsk,RU,2022-09-15 04:55:54,52.0,127.7,54.84,52,100,8.05
140,Socorro,US,2022-09-15 04:55:54,31.6546,-106.3033,79.07,51,0,6.91
141,Kuopio,FI,2022-09-15 04:55:54,62.8924,27.677,49.95,93,100,9.22
142,Teguise,ES,2022-09-15 04:55:55,29.0605,-13.564,68.22,78,0,4.61
143,Sarakhs,IR,2022-09-15 04:55:55,36.5449,61.1577,86.0,10,0,0.94
144,Beringovskiy,RU,2022-09-15 04:55:56,63.05,179.3167,44.89,95,100,18.45
145,Antsohihy,MG,2022-09-15 04:55:56,-14.8796,47.9875,77.2,41,71,11.12
146,Avarua,CK,2022-09-15 04:47:28,-21.2078,-159.775,73.45,73,20,13.8
147,Hami,CN,2022-09-15 04:50:07,42.8,93.45,82.17,13,0,7.63
148,Svetlogorsk,BY,2022-09-15 04:55:57,52.6333,29.7333,50.77,89,88,4.16
149,Bethel,US,2022-09-15 04:49:00,41.3712,-73.414,69.49,85,0,1.99
150,Monrovia,LR,2022-09-15 04:55:58,6.3005,-10.7969,76.24,84,98,8.32
151,Rosario,AR,2022-09-15 04:52:23,-32.9468,-60.6393,57.11,63,0,5.75
152,La Rochelle,FR,2022-09-15 04:54:46,46.1667,-1.15,67.87,88,75,10.36
153,Moctezuma,MX,2022-09-15 04:55:58,29.8,-109.6667,74.82,65,0,2.46
154,Gweta,BW,2022-09-15 04:55:59,-20.1833,25.2333,58.95,61,0,11.1
155,Husavik,IS,2022-09-15 04:47:28,66.0449,-17.3389,39.49,76,6,2.53
156,Uruzgan,AF,2022-09-15 04:56:00,32.8333,66.0,76.15,9,0,0.54
157,Wonthaggi,AU,2022-09-15 04:56:00,-38.6044,145.5913,61.83,77,63,1.5
158,Fairbanks,US,2022-09-15 04:51:02,64.8378,-147.7164,48.6,95,100,8.05
159,Ostrovnoy,RU,2022-09-15 04:56:01,68.0531,39.5131,48.52,80,92,7.02
160,Inhambane,MZ,2022-09-15 04:56:02,-23.865,35.3833,55.38,100,20,3.44
161,Klaksvik,FO,2022-09-15 04:56:02,62.2266,-6.589,47.32,74,75,16.64
162,Dudinka,RU,2022-09-15 04:56:03,69.4058,86.1778,42.62,90,100,15.82
163,Sao Filipe,CV,2022-09-15 04:48:53,14.8961,-24.4956,78.19,85,80,3.27
164,Antigonish,CA,2022-09-15 04:55:00,45.6169,-61.9986,65.82,83,4,13.22
165,Verin,ES,2022-09-15 04:56:03,41.9415,-7.4381,60.57,97,62,2.04
166,Rengasdengklok,ID,2022-09-15 04:56:04,-6.1592,107.2981,91.53,53,61,4.54
167,Pisco,PE,2022-09-15 04:56:04,-13.7,-76.2167,59.05,82,75,3.44
168,Barcelos,PT,2022-09-15 04:47:27,41.5388,-8.6151,67.84,94,100,6.78
169,Bushehr,IR,2022-09-15 04:56:05,28.9684,50.8385,91.49,62,0,6.91
170,Te Anau,NZ,2022-09-15 04:56:05,-45.4167,167.7167,44.87,80,94,5.97
171,Paeroa,NZ,2022-09-15 04:56:06,-37.3667,175.6667,59.99,61,62,7.18
172,Ponta Do Sol,PT,2022-09-15 04:47:38,32.6667,-17.1,72.23,86,0,3.09
173,Port Keats,AU,2022-09-15 04:56:06,-14.25,129.55,87.15,58,11,13.58
174,Ranfurly,NZ,2022-09-15 04:56:07,-45.1333,170.1,54.1,40,52,9.22
175,Constitucion,CL,2022-09-15 04:48:46,-35.3333,-72.4167,51.62,78,63,7.49
176,Kiruna,SE,2022-09-15 04:56:07,67.8557,20.2251,40.12,100,100,8.05
177,Vao,NC,2022-09-15 04:56:08,-22.6667,167.4833,69.22,65,87,12.73
178,Tasiilaq,GL,2022-09-15 04:47:36,65.6145,-37.6368,37.56,62,100,3.29
179,Solnechnyy,RU,2022-09-15 04:56:08,50.7214,136.6319,61.52,53,70,7.54
180,Nantucket,US,2022-09-15 04:56:09,41.2835,-70.0995,68.0,76,46,16.31
181,Mount Gambier,AU,2022-09-15 04:56:09,-37.8333,140.7667,64.31,45,8,17.27
182,Broken Hill,AU,2022-09-15 04:48:47,-31.95,141.4333,68.99,22,0,19.35
183,Whitianga,NZ,2022-09-15 04:57:10,-36.8333,175.7,56.01,59,25,9.89
184,College,US,2022-09-15 04:57:10,64.8569,-147.8028,48.58,95,100,8.05
185,Pedernales,DO,2022-09-15 04:57:10,18.0384,-71.744,81.66,65,86,4.27
186,Verkhoyansk,RU,2022-09-15 04:57:11,67.5447,133.385,42.96,51,99,2.3
187,Atambua,ID,2022-09-15 04:57:11,-9.1061,124.8925,85.78,47,43,1.9
188,Nanortalik,GL,2022-09-15 04:57:12,60.1432,-45.2371,46.89,78,43,5.01
189,Jiuquan,CN,2022-09-15 04:57:12,39.7432,98.5174,82.54,24,76,8.16
190,Sao Joao Da Barra,BR,2022-09-15 04:57:12,-21.6403,-41.0511,67.6,94,45,8.39
191,Kieta,PG,2022-09-15 04:57:13,-6.2167,155.6333,80.17,83,93,4.68
192,Nikolskoye,RU,2022-09-15 04:57:13,59.7035,30.7861,51.69,93,91,8.68
193,Nemuro,JP,2022-09-15 04:57:14,43.3236,145.575,64.17,48,99,2.51
194,Yukhnov,RU,2022-09-15 04:57:14,54.7444,35.2297,48.13,95,100,2.37
195,Chimbote,PE,2022-09-15 04:51:28,-9.0853,-78.5783,60.15,89,36,9.19
196,Utiel,ES,2022-09-15 04:57:15,39.5667,-1.2,61.65,66,14,5.32
197,Sao Felix Do Xingu,BR,2022-09-15 04:57:15,-6.6447,-51.995,75.31,59,38,2.08
198,Boshnyakovo,RU,2022-09-15 04:57:16,49.6333,142.1667,58.08,62,11,12.57
199,Kathu,TH,2022-09-15 04:57:16,7.9178,98.3332,87.62,99,59,10.65
200,Luderitz,NA,2022-09-15 04:57:17,-26.6481,15.1594,57.51,73,3,3.31
201,Los Alamos,US,2022-09-15 04:57:17,35.8881,-106.307,60.03,62,100,0.0
202,Sibolga,ID,2022-09-15 04:48:59,1.7427,98.7792,86.41,61,74,5.64
203,Ambilobe,MG,2022-09-15 04:57:18,-13.2,49.05,77.52,41,87,5.84
204,Tura,IN,2022-09-15 04:57:18,25.5198,90.2201,73.65,97,99,6.06
205,Talnakh,RU,2022-09-15 04:57:19,69.4865,88.3972,42.21,88,100,10.49
206,Montevideo,UY,2022-09-15 04:57:19,-34.8335,-56.1674,52.52,86,75,8.01
207,Petropavlovsk-Kamchatskiy,RU,2022-09-15 04:57:19,53.0452,158.6483,52.39,66,75,13.42
208,Xining,CN,2022-09-15 04:57:20,36.6167,101.7667,70.81,47,69,4.25
209,Pinheiro,BR,2022-09-15 04:57:20,-2.5214,-45.0825,72.27,99,8,3.15
210,Norman Wells,CA,2022-09-15 04:53:46,65.282,-126.8329,48.24,81,75,3.44
211,Sterling,US,2022-09-15 04:57:21,39.0062,-77.4286,67.41,88,0,3.0
212,Yangambi,CD,2022-09-15 04:57:21,0.8102,24.4336,68.7,97,91,0.34
213,Laguna,US,2022-09-15 04:57:22,38.421,-121.4238,67.75,73,0,10.36
214,Santa Fe,AR,2022-09-15 04:57:22,-31.6333,-60.7,57.02,68,0,5.01
215,Saint-Joseph,RE,2022-09-15 04:47:41,-21.3667,55.6167,73.78,62,22,10.42
216,Mar Del Plata,AR,2022-09-15 04:50:16,-38.0023,-57.5575,50.95,98,100,11.99
217,Vesoul,FR,2022-09-15 04:57:23,47.5833,5.8333,61.61,99,33,7.36
218,Naze,JP,2022-09-15 04:57:23,28.3667,129.4833,86.92,77,15,15.86
219,Doka,SD,2022-09-15 04:57:23,13.5167,35.7667,71.6,93,100,6.76
220,Bibbiena,IT,2022-09-15 04:57:24,43.6965,11.8135,69.96,99,99,6.15
221,Umba,RU,2022-09-15 04:57:24,66.6871,34.3429,48.94,86,99,11.18
222,Sendafa,ET,2022-09-15 04:57:25,9.15,39.0333,56.55,84,99,1.3
223,Bathsheba,BB,2022-09-15 04:57:25,13.2167,-59.5167,79.41,83,20,5.75
224,Namibe,AO,2022-09-15 04:57:25,-15.1961,12.1522,64.69,93,81,6.64
225,Avera,US,2022-09-15 04:51:23,33.194,-82.5271,66.54,65,0,6.38
226,Bonavista,CA,2022-09-15 04:57:26,48.6499,-53.1147,56.53,90,46,11.34
227,Gbadolite,CD,2022-09-15 04:55:10,4.2833,21.0167,69.01,97,98,1.14
228,Havelock,US,2022-09-15 04:54:33,34.8791,-76.9013,73.94,90,95,4.99
229,Amberley,US,2022-09-15 04:58:27,39.2048,-84.428,64.44,93,0,0.0
230,Luanda,AO,2022-09-15 04:57:38,-8.8368,13.2343,71.42,88,96,6.78
231,Moron,AR,2022-09-15 04:58:27,-34.6534,-58.6198,58.96,82,0,5.95
232,Edd,ER,2022-09-15 04:58:28,13.9297,41.6925,92.12,53,62,3.44
233,General Roca,AR,2022-09-15 04:58:28,-39.0333,-67.5833,62.62,24,97,9.86
234,Lompoc,US,2022-09-15 04:50:16,34.6391,-120.4579,63.32,90,0,13.8
235,Ponta Delgada,PT,2022-09-15 04:58:29,37.7333,-25.6667,77.5,100,75,9.22
236,Rabo De Peixe,PT,2022-09-15 04:58:29,37.8,-25.5833,76.28,87,75,9.22
237,Rosetta,EG,2022-09-15 04:58:30,31.4044,30.4164,76.96,57,0,9.33
238,Keffi,NG,2022-09-15 04:58:30,8.8486,7.8736,70.36,97,74,1.9
239,Sorland,NO,2022-09-15 04:50:10,67.667,12.6934,51.66,75,95,16.89
240,Bud,US,2022-09-15 04:58:30,39.447,-86.1758,63.91,96,0,3.67
241,Stabat,ID,2022-09-15 04:58:31,3.761,98.4513,84.4,54,90,3.47
242,Ludvika,SE,2022-09-15 04:58:32,60.1496,15.1878,48.6,90,100,8.48
243,Puerto Escondido,MX,2022-09-15 04:58:32,15.85,-97.0667,78.67,87,100,2.75
244,Coroico,BO,2022-09-15 04:58:32,-16.1889,-67.7271,58.24,99,100,0.96
245,Sangar,RU,2022-09-15 04:58:33,63.9242,127.4739,45.0,76,90,7.52
246,Serov,RU,2022-09-15 04:58:33,59.6033,60.5787,53.82,60,99,6.42
247,Tabory,RU,2022-09-15 04:58:33,58.5198,64.5495,56.57,56,52,6.31
248,Kununurra,AU,2022-09-15 04:58:34,-15.7667,128.7333,102.18,25,40,9.22
249,Rudbar,AF,2022-09-15 04:58:34,30.15,62.6,88.84,10,0,7.11
250,Jamame,SO,2022-09-15 04:58:35,0.0722,42.7506,78.22,73,75,13.73
251,Douala,CM,2022-09-15 04:58:35,4.0483,9.7043,75.11,100,75,2.3
252,Nome,US,2022-09-15 04:58:35,64.5011,-165.4064,49.15,93,100,6.91
253,Buala,SB,2022-09-15 04:58:36,-8.145,159.5921,83.91,71,27,6.91
254,Flin Flon,CA,2022-09-15 04:54:56,54.7682,-101.865,43.38,96,18,5.7
255,Nhulunbuy,AU,2022-09-15 04:55:15,-12.2333,136.7667,88.41,55,20,14.97
256,Bhadrachalam,IN,2022-09-15 04:58:36,17.6667,80.8833,85.53,73,90,7.49
257,Haines Junction,CA,2022-09-15 04:51:20,60.7522,-137.5108,39.15,87,100,2.3
258,Tchibanga,GA,2022-09-15 04:58:37,-2.85,11.0333,70.11,92,82,2.35
259,Am Timan,TD,2022-09-15 04:58:37,11.0297,20.2827,73.96,91,97,4.99
260,Raudeberg,NO,2022-09-15 04:58:38,61.9875,5.1352,48.87,1,100,27.04
261,Baoqing,CN,2022-09-15 04:58:38,46.3317,132.2111,66.09,60,100,0.49
262,Gat,IL,2022-09-15 04:54:14,31.61,34.7642,75.88,100,0,3.13
263,Aklavik,CA,2022-09-15 04:58:39,68.2191,-135.0107,41.59,84,100,3.56
264,Noumea,NC,2022-09-15 04:58:39,-22.2763,166.4572,73.38,70,69,8.19
265,Kathmandu,NP,2022-09-15 04:45:05,27.7167,85.3167,73.62,83,75,4.61
266,Andrews,US,2022-09-15 04:56:53,32.3187,-102.5457,72.28,81,0,4.61
267,Half Moon Bay,US,2022-09-15 04:58:40,37.4636,-122.4286,65.48,88,100,17.27
268,Bend,US,2022-09-15 04:57:28,44.0582,-121.3153,58.82,75,95,1.99
269,Cayenne,GF,2022-09-15 04:58:40,4.9333,-52.3333,77.04,94,20,0.0
270,Sinnamary,GF,2022-09-15 04:58:41,5.3833,-52.95,78.46,87,7,9.53
271,Richards Bay,ZA,2022-09-15 04:58:41,-28.783,32.0377,64.96,74,0,13.56
272,Vredendal,ZA,2022-09-15 04:58:42,-31.6683,18.5012,54.27,72,11,1.81
273,Kiunga,PG,2022-09-15 04:58:42,-6.1219,141.2906,90.3,55,69,2.68
274,Conde,BR,2022-09-15 04:59:42,-7.2597,-34.9075,76.46,83,0,6.91
275,Ulagan,RU,2022-09-15 04:59:43,50.6321,87.9563,40.64,98,100,3.91
276,Lagoa,PT,2022-09-15 04:59:43,39.05,-27.9833,74.07,78,100,27.78
277,Niksic,ME,2022-09-15 04:58:22,42.7731,18.9445,49.86,64,99,2.66
278,Tual,ID,2022-09-15 04:59:44,-5.6667,132.75,81.73,77,17,12.86
279,Torbay,CA,2022-09-15 04:59:00,47.6666,-52.7314,55.58,94,40,3.44
280,Villarrica,PY,2022-09-15 04:59:44,-25.75,-56.4333,54.88,84,48,5.91
281,Sainte-Marie,RE,2022-09-15 04:59:45,-20.8968,55.5496,75.36,65,28,14.97
282,Sur,OM,2022-09-15 04:59:45,22.5667,59.5289,92.73,45,16,8.63
283,Road Town,VG,2022-09-15 04:59:46,18.4167,-64.6167,83.32,74,21,18.45
284,Henties Bay,NA,2022-09-15 04:59:46,-22.116,14.2845,55.8,93,88,4.36
285,Ambatolampy,MG,2022-09-15 04:59:47,-19.3833,47.4167,51.22,57,52,7.16
286,Garowe,SO,2022-09-15 04:59:47,8.4054,48.4845,79.5,54,95,26.8
287,Santa Cruz,BO,2022-09-15 04:59:47,-17.8,-63.1667,58.46,88,100,5.75
288,Erzurum,TR,2022-09-15 04:59:48,40.0,41.5,42.48,59,1,0.58
289,Ahipara,NZ,2022-09-15 04:59:48,-35.1667,173.1667,55.47,56,7,7.09
290,Churapcha,RU,2022-09-15 04:59:48,62.0025,132.4325,46.83,67,94,11.43
291,Aguimes,ES,2022-09-15 04:59:49,27.9054,-15.4461,70.43,78,20,11.5
292,Alta Floresta,BR,2022-09-15 04:59:49,-9.8756,-56.0861,78.73,46,81,1.28
293,Teya,RU,2022-09-15 04:59:50,60.3778,92.6267,51.76,56,41,4.07
294,Florianopolis,BR,2022-09-15 04:59:50,-27.6146,-48.5012,61.83,72,0,4.61
295,Tessalit,ML,2022-09-15 04:59:50,20.1986,1.0114,90.66,23,98,4.54
296,Nova Olimpia,BR,2022-09-15 04:59:51,-14.7972,-57.2881,70.48,60,13,7.78
297,Palauig,PH,2022-09-15 04:59:51,15.435,119.9045,84.29,69,22,7.07
298,Victoria Point,AU,2022-09-15 04:59:52,-27.5833,153.3,72.18,70,100,3.0
299,Morrisburg,CA,2022-09-15 04:59:52,44.9001,-75.1826,51.53,74,21,6.62
300,Belaya Gora,RU,2022-09-15 04:59:52,68.5333,146.4167,47.25,46,100,4.61
301,Ballina,AU,2022-09-15 04:59:53,-28.8667,153.5667,68.02,78,100,13.02
302,Novoagansk,RU,2022-09-15 04:59:53,61.9449,76.6625,49.84,76,100,5.82
303,Tarko-Sale,RU,2022-09-15 04:59:54,64.9225,77.785,48.61,77,100,16.69
304,Hofn,IS,2022-09-15 04:59:54,64.2539,-15.2082,44.19,63,58,7.09
305,Marawi,PH,2022-09-15 04:59:54,7.9986,124.2928,77.59,80,76,6.6
306,Katsuura,JP,2022-09-15 04:59:55,35.1333,140.3,75.34,63,94,12.37
307,Byron Bay,AU,2022-09-15 04:47:33,-28.65,153.6167,67.95,69,100,13.47
308,Zastron,ZA,2022-09-15 04:59:55,-30.3023,27.084,52.72,52,0,5.59
309,Solhan,TR,2022-09-15 04:59:56,38.9634,41.0293,64.0,33,0,1.59
310,Puri,IN,2022-09-15 04:59:56,19.8,85.85,88.32,69,100,4.18
311,Lazaro Cardenas,MX,2022-09-15 04:59:56,17.9583,-102.2,78.57,89,100,5.1
312,Lichtenburg,ZA,2022-09-15 04:59:57,-26.152,26.1597,50.97,84,0,10.74
313,Vila Franca Do Campo,PT,2022-09-15 04:51:26,37.7167,-25.4333,77.2,95,95,7.61
314,Olafsvik,IS,2022-09-15 04:57:16,64.8945,-23.7142,45.25,72,1,3.8
315,Kautokeino,NO,2022-09-15 04:59:58,69.0125,23.0412,36.63,100,100,17.81
316,Lorengau,PG,2022-09-15 04:59:58,-2.0226,147.2712,83.26,73,24,10.71
317,Palmeira Das Missoes,BR,2022-09-15 04:59:58,-27.8994,-53.3136,46.96,97,54,8.72
318,Waingapu,ID,2022-09-15 04:59:59,-9.6567,120.2641,87.35,56,34,15.99
319,Imbituba,BR,2022-09-15 04:59:59,-28.24,-48.6703,63.86,92,100,8.88
320,Ketchikan,US,2022-09-15 04:59:59,55.3422,-131.6461,53.64,91,100,4.52
321,Dikson,RU,2022-09-15 05:01:00,73.5069,80.5464,35.31,98,100,21.85
322,Provideniya,RU,2022-09-15 05:01:00,64.3833,-173.3,46.51,100,100,11.18
323,Verkhnyaya Inta,RU,2022-09-15 05:01:01,65.9811,60.3094,51.4,70,70,14.92
324,Rundu,NA,2022-09-15 05:01:02,-17.9333,19.7667,59.47,40,5,5.86
325,Vilyuysk,RU,2022-09-15 05:01:02,63.7553,121.6247,46.94,62,65,10.87
326,Laksham,BD,2022-09-15 05:01:03,23.2472,91.1425,83.66,78,100,12.03
327,Zabaykalsk,RU,2022-09-15 05:01:03,49.6333,117.3167,74.88,32,77,1.23
328,Gualeguaychu,AR,2022-09-15 05:01:04,-33.0094,-58.5172,48.76,72,0,5.99
329,Esso,RU,2022-09-15 05:01:05,55.9333,158.7,43.03,84,100,1.36
330,Ossora,RU,2022-09-15 05:01:05,59.2353,163.0719,48.47,64,81,2.37
331,Mareeba,AU,2022-09-15 04:58:24,-17.0,145.4333,83.44,58,11,10.67
332,Puerto Ayacucho,VE,2022-09-15 05:01:06,5.6639,-67.6236,74.41,92,67,3.24
333,Fortuna,US,2022-09-15 05:01:06,40.5982,-124.1573,58.35,88,79,2.82
334,Lukovetskiy,RU,2022-09-15 05:01:07,64.2956,41.9211,48.02,87,100,5.99
335,Pevek,RU,2022-09-15 04:51:19,69.7008,170.3133,37.09,82,100,7.09
336,Kochubey,RU,2022-09-15 05:01:08,44.3861,46.5825,66.7,52,84,8.88
337,Muros,ES,2022-09-15 05:01:08,42.7762,-9.0603,66.09,90,98,5.61
338,Kuala Terengganu,MY,2022-09-15 05:01:09,5.3302,103.1408,86.63,60,100,3.87
339,Taoudenni,ML,2022-09-15 05:01:10,22.6783,-3.9836,91.06,9,0,5.39
340,Kuusamo,FI,2022-09-15 05:01:10,65.9667,29.1833,46.44,100,100,9.22
341,Timon,BR,2022-09-15 04:57:25,-5.0942,-42.8367,78.58,78,0,9.22
342,Tautira,PF,2022-09-15 05:01:11,-17.7333,-149.15,76.33,76,53,24.76
343,Ivybridge,GB,2022-09-15 05:01:11,50.3904,-3.9191,56.91,90,73,6.53
344,Coracora,PE,2022-09-15 05:01:12,-15.0333,-73.7833,43.79,19,10,3.06
345,Manali,IN,2022-09-15 05:01:12,13.1667,80.2667,86.09,61,100,10.38
346,Panaba,MX,2022-09-15 05:01:13,21.2833,-88.2667,75.85,93,95,6.29
347,Lumeje,AO,2022-09-15 05:01:13,-11.55,20.7833,63.84,37,96,4.09
348,Virden,US,2022-09-15 05:00:42,39.5009,-89.7679,62.06,86,52,7.74
349,Mugur-Aksy,RU,2022-09-15 05:01:14,50.35,90.5,41.23,72,100,5.48
350,Oranjestad,AW,2022-09-15 04:57:19,12.524,-70.027,84.15,79,20,17.27
351,Boysun,UZ,2022-09-15 05:01:14,38.2061,67.1986,75.96,19,0,5.46
352,Port Blair,IN,2022-09-15 05:01:15,11.6667,92.75,84.24,79,75,9.22
353,Tomatlan,MX,2022-09-15 05:01:15,19.9333,-105.25,75.13,98,100,4.83
354,Alice Springs,AU,2022-09-15 05:01:16,-23.7,133.8833,81.95,20,1,13.8
355,Codrington,AU,2022-09-15 05:01:17,-38.2667,141.9667,62.26,61,1,14.47
356,Dalvik,IS,2022-09-15 05:01:17,65.9702,-18.5286,40.51,77,11,0.63
357,Dunedin,NZ,2022-09-15 05:01:17,-45.8742,170.5036,55.8,48,72,8.99
358,Vanimo,PG,2022-09-15 05:01:19,-2.6741,141.3028,86.13,64,34,10.25
359,Gobabis,NA,2022-09-15 05:01:19,-22.45,18.9667,60.22,40,46,18.03
360,Smithers,CA,2022-09-15 05:01:20,54.7804,-127.1743,53.02,76,96,3.06
361,Caravelas,BR,2022-09-15 05:01:20,-17.7125,-39.2481,72.18,92,16,7.63
362,Lazarev,RU,2022-09-15 05:01:20,52.225,141.5131,56.23,46,6,23.6
363,Artigas,UY,2022-09-15 05:01:21,-30.4,-56.4667,48.6,88,0,8.32
364,Kirovsk,UA,2022-09-15 05:01:21,48.6375,38.6428,59.47,73,93,14.18
365,Huilong,CN,2022-09-15 05:01:22,31.8111,121.655,77.94,90,100,19.37
366,Arawa,PG,2022-09-15 05:01:22,-6.2132,155.5367,79.41,89,92,4.09
367,Ostrov,RU,2022-09-15 05:01:23,57.3439,28.3537,53.33,94,78,8.14
368,Pasni,PK,2022-09-15 05:02:23,25.2631,63.471,81.63,82,0,11.92
369,Palamos,ES,2022-09-15 05:02:23,41.8484,3.1291,70.38,82,14,1.01
370,Inongo,CD,2022-09-15 05:02:17,-1.95,18.2667,68.59,95,100,6.93
371,Urucara,BR,2022-09-15 05:02:24,-2.5364,-57.76,77.11,55,10,1.5
372,Viedma,AR,2022-09-15 05:00:31,-40.8135,-62.9967,58.96,33,96,15.23
373,Wanning,CN,2022-09-15 05:02:25,18.8003,110.3967,87.44,68,8,4.99
374,Juneau,US,2022-09-15 05:01:18,58.3019,-134.4197,52.21,98,100,4.23
375,Vila Velha,BR,2022-09-15 05:02:25,-20.3297,-40.2925,70.95,83,36,5.01
376,Tekirdag,TR,2022-09-15 05:00:20,40.978,27.5085,61.95,52,13,6.22
377,Hokitika,NZ,2022-09-15 05:02:26,-42.7167,170.9667,49.23,65,67,6.67
378,Marzuq,YE,2022-09-15 05:02:26,14.4,46.4667,81.81,48,88,5.77
379,Nerchinskiy Zavod,RU,2022-09-15 04:59:10,51.3088,119.61,68.23,43,93,4.68
380,Portland,US,2022-09-15 04:57:55,45.5234,-122.6762,67.48,73,57,3.0
381,Asau,RO,2022-09-15 05:02:27,46.4333,26.4,61.72,64,80,12.59
382,Swellendam,ZA,2022-09-15 05:02:28,-34.0226,20.4417,53.37,71,44,2.68
383,Severo-Kurilsk,RU,2022-09-15 05:02:28,50.6789,156.125,52.72,70,6,11.9
384,Likasi,CD,2022-09-15 05:02:29,-10.9814,26.7333,61.21,57,100,4.74
385,Cidreira,BR,2022-09-15 05:02:29,-30.1811,-50.2056,57.72,93,33,1.32
386,Morro Bay,US,2022-09-15 05:02:30,35.3658,-120.8499,63.46,85,0,6.55
387,Barahan,PH,2022-09-15 05:02:30,13.0121,120.762,77.61,94,100,7.27
388,Pacific Grove,US,2022-09-15 04:58:27,36.6177,-121.9166,64.24,89,0,1.01
389,Nambiyur,IN,2022-09-15 05:02:30,11.3667,77.3333,83.79,53,76,3.22
390,Ribeira Grande,PT,2022-09-15 05:02:31,38.5167,-28.7,74.14,86,100,22.55
391,Les Cayes,HT,2022-09-15 05:02:31,18.2,-73.75,78.13,81,59,4.14
392,Xiaoshi,CN,2022-09-15 05:02:32,41.2971,124.1209,61.14,99,100,1.97
393,Yulara,AU,2022-09-15 05:02:32,-25.2406,130.9889,77.04,12,1,12.06
394,Pozo Colorado,PY,2022-09-15 05:02:33,-23.4923,-58.7972,58.84,55,98,5.48
395,Grand-Bourg,GP,2022-09-15 05:02:33,15.8835,-61.3148,78.75,80,62,15.3
396,Norton,ZW,2022-09-15 04:58:38,-17.8833,30.7,55.83,60,0,6.51
397,Maniitsoq,GL,2022-09-15 05:02:34,65.4167,-52.9,41.85,97,100,15.39
398,Tefe,BR,2022-09-15 05:02:34,-3.3542,-64.7114,75.85,74,65,1.7
399,Manuk Mangkaw,PH,2022-09-15 05:02:35,4.8,119.85,84.27,72,100,12.66
400,Lata,PT,2022-09-15 05:02:35,40.1629,-8.3327,65.07,97,87,3.69
401,Port-Gentil,GA,2022-09-15 05:02:35,-0.7193,8.7815,76.96,88,75,10.36
402,Jumla,NP,2022-09-15 05:02:36,29.2747,82.1838,61.81,92,100,2.28
403,Sun Valley,US,2022-09-15 05:02:36,39.5963,-119.776,66.24,41,75,14.97
404,Havoysund,NO,2022-09-15 05:02:37,70.9963,24.6622,44.83,81,100,23.53
405,Makat,KZ,2022-09-15 05:02:37,47.6469,53.3463,69.01,40,21,18.21
406,Antalaha,MG,2022-09-15 05:02:38,-14.9003,50.2788,73.33,64,59,11.48
407,Le Locle,CH,2022-09-15 05:02:38,47.0595,6.7523,56.35,100,75,1.14
408,Bandarbeyla,SO,2022-09-15 05:02:38,9.4942,50.8122,83.25,62,80,26.55
409,Aktash,RU,2022-09-15 05:02:39,50.3,87.7333,31.87,89,100,6.24
410,Vardo,NO,2022-09-15 05:02:39,70.3705,31.1107,42.78,87,100,23.02
411,Bilma,NE,2022-09-15 05:02:40,18.6853,12.9164,88.68,18,4,4.21
412,San Rafael,AR,2022-09-15 05:02:40,-34.6177,-68.3301,57.54,22,24,8.41
413,Puerto Madryn,AR,2022-09-15 05:02:40,-42.7692,-65.0385,63.55,43,94,12.26
414,Tateyama,JP,2022-09-15 05:02:41,34.9833,139.8667,75.47,66,98,12.75
415,Berlevag,NO,2022-09-15 05:02:41,70.8578,29.0864,44.6,70,100,21.85
416,Moyale,KE,2022-09-15 05:02:20,3.5167,39.0584,64.67,75,91,15.08
417,Sambava,MG,2022-09-15 05:03:42,-14.2667,50.1667,72.07,65,93,13.53
418,Kijang,KR,2022-09-15 05:03:42,35.2442,129.2139,76.24,74,93,18.16
419,Defiance,US,2022-09-15 05:01:33,41.3334,-84.45,64.42,85,0,6.26
420,Nevesinje,BA,2022-09-15 05:03:43,43.2586,18.1133,58.75,62,99,5.55
421,Calama,CL,2022-09-15 05:03:43,-22.4667,-68.9333,48.0,9,0,7.31
422,Balikpapan,ID,2022-09-15 05:00:20,-1.2675,116.8289,83.39,84,20,8.05
423,Xinqing,CN,2022-09-15 05:03:44,48.2333,129.5,72.91,50,100,3.96
424,Shablykino,RU,2022-09-15 05:03:44,52.8566,35.1964,50.18,95,98,6.64
425,Ancud,CL,2022-09-15 05:03:45,-41.8697,-73.8203,54.23,93,100,22.79
426,Banjar,ID,2022-09-15 05:03:45,-8.19,114.9675,87.73,60,77,2.46
427,Tiffin,US,2022-09-15 05:03:45,41.1145,-83.178,67.35,85,6,4.38
428,Somerset,US,2022-09-15 05:03:46,40.5668,-74.5496,72.88,87,0,0.0
429,Balasheyka,RU,2022-09-15 05:03:46,53.2841,48.0851,52.5,96,100,6.2
430,Raga,SS,2022-09-15 05:03:46,8.4596,25.678,69.69,97,58,3.27
431,Soyo,AO,2022-09-15 05:03:47,-6.1349,12.3689,72.86,88,92,5.41
432,Khatanga,RU,2022-09-15 05:03:47,71.9667,102.5,36.82,80,100,12.39
433,Adrar,MR,2022-09-15 05:03:48,20.5022,-10.0711,89.4,22,21,13.27
434,Launceston,AU,2022-09-15 05:03:48,-41.45,147.1667,57.15,83,75,4.61
435,Lucapa,AO,2022-09-15 05:03:48,-8.4192,20.7447,64.45,89,81,1.19
436,Zhanaozen,KZ,2022-09-15 05:03:49,43.3,52.8,68.13,58,95,20.29
437,The Pas,CA,2022-09-15 05:03:49,53.8251,-101.2541,43.7,94,71,4.59
438,Lensk,RU,2022-09-15 05:03:50,60.7253,114.9278,51.87,49,98,7.18
439,Srednekolymsk,RU,2022-09-15 05:03:50,67.45,153.6833,46.09,44,41,10.71
440,Burnie,AU,2022-09-15 05:03:50,-41.0667,145.9167,54.91,92,100,10.42
441,Hambantota,LK,2022-09-15 04:59:07,6.1241,81.1185,86.34,70,75,11.5
442,Pula,HR,2022-09-15 05:03:51,44.8683,13.8481,72.16,83,40,3.44
443,Manzil Salim,TN,2022-09-15 05:03:51,35.8567,8.4765,80.15,35,19,7.02
444,Ulladulla,AU,2022-09-15 05:03:52,-35.35,150.4667,61.77,72,99,6.33
445,Krasnoborsk,RU,2022-09-15 05:03:52,61.5598,45.934,50.4,93,100,9.1
446,Itoman,JP,2022-09-15 05:03:36,26.1247,127.6694,87.82,74,75,14.97
447,Macae,BR,2022-09-15 04:59:02,-22.3708,-41.7869,71.35,83,100,2.3
448,Mmabatho,ZA,2022-09-15 05:03:53,-25.85,25.6333,53.47,80,0,12.44
449,Omsukchan,RU,2022-09-15 05:03:53,62.5333,155.8,42.93,53,21,6.06
450,Boqueirao,BR,2022-09-15 05:03:54,-7.5,-36.1333,66.79,96,64,6.11
451,El Alto,PE,2022-09-15 05:03:54,-4.2714,-81.2147,62.13,85,92,13.38
452,Ankang,CN,2022-09-15 05:03:55,32.68,109.0172,68.95,85,99,2.73
453,Mindelo,CV,2022-09-15 05:03:55,16.8901,-24.9804,77.85,91,86,11.83
454,Santa Maria,BR,2022-09-15 05:01:43,-29.6842,-53.8069,49.75,98,18,4.92
455,Matara,LK,2022-09-15 05:03:56,5.9485,80.5353,84.69,66,28,10.25
456,Omboue,GA,2022-09-15 05:03:56,-1.5746,9.2618,75.36,85,98,5.32
457,Price,US,2022-09-15 05:03:56,39.5994,-110.8107,57.11,94,100,4.61
458,Zhengjiatun,CN,2022-09-15 05:03:57,43.5064,123.5064,60.67,93,100,6.2
459,Dingle,PH,2022-09-15 05:03:57,10.9995,122.6711,84.85,73,87,14.14
460,San Quintin,MX,2022-09-15 05:03:58,30.4833,-115.95,67.66,85,46,15.05
461,Panama City,PA,2022-09-15 05:03:58,8.9936,-79.5197,77.16,87,100,2.44
462,Mpongwe,ZM,2022-09-15 05:03:58,-13.5091,28.155,62.67,53,51,8.63
463,Kawalu,ID,2022-09-15 05:03:59,-7.3817,108.2082,79.23,76,83,5.88
464,Homer,US,2022-09-15 05:02:08,59.6425,-151.5483,52.81,83,28,1.99
465,Canutama,BR,2022-09-15 05:04:59,-6.5339,-64.3831,81.0,53,98,1.59
466,Zhigansk,RU,2022-09-15 05:05:00,66.7697,123.3711,36.97,86,100,13.89
467,Gigmoto,PH,2022-09-15 05:05:00,13.7796,124.39,86.38,71,85,7.38
468,Katobu,ID,2022-09-15 05:05:01,-4.9408,122.5276,78.03,74,100,3.04
469,Seydi,TM,2022-09-15 05:05:01,39.4816,62.9137,79.81,13,0,4.76
470,Sorong,ID,2022-09-15 05:05:01,-0.8833,131.25,83.5,71,57,6.64
471,Nassau,US,2022-09-15 05:03:12,40.7507,-73.5829,73.87,70,40,6.91
472,Pemberton,CA,2022-09-15 05:05:02,50.3164,-122.8027,63.73,93,96,3.8
473,Viisoara,RO,2022-09-15 05:05:02,46.55,23.9167,56.8,62,85,8.25
474,Sernur,RU,2022-09-15 05:02:25,56.9333,49.1536,50.65,72,100,12.39
475,Kloulklubed,PW,2022-09-15 05:05:03,7.0419,134.2556,88.3,73,99,9.62
476,Sioux Lookout,CA,2022-09-15 05:05:04,50.1001,-91.917,51.3,54,100,7.99
477,Makarov,RU,2022-09-15 05:05:04,48.6333,142.8,64.29,57,48,4.47
478,Axim,GH,2022-09-15 05:05:05,4.8699,-2.2405,74.66,90,96,6.82
479,Kenai,US,2022-09-15 05:05:06,60.5544,-151.2583,51.1,88,0,12.66
480,Sabha,LY,2022-09-15 05:05:06,27.0377,14.4283,75.81,38,0,8.52
481,Mimongo,GA,2022-09-15 05:05:07,-1.6195,11.6068,71.55,87,98,2.59
482,Skelleftea,SE,2022-09-15 05:05:07,64.7507,20.9528,52.16,100,100,10.36
483,Eyl,SO,2022-09-15 05:02:21,7.9803,49.8164,82.71,62,64,26.11
484,Hede,CN,2022-09-15 05:05:08,33.7681,120.2517,74.25,97,100,23.4
485,Porangatu,BR,2022-09-15 05:05:08,-13.4408,-49.1486,79.23,29,1,1.63
486,Kavaratti,IN,2022-09-15 05:05:08,10.5669,72.642,80.76,76,99,11.61
487,Kumluca,TR,2022-09-15 05:05:09,36.3703,30.2869,79.95,44,0,2.13
488,Guarapari,BR,2022-09-15 05:05:09,-20.6667,-40.4975,70.9,89,34,9.06
489,Ribas Do Rio Pardo,BR,2022-09-15 05:05:10,-20.4431,-53.7592,64.9,94,99,5.17
490,Yerbogachen,RU,2022-09-15 05:05:10,61.2767,108.0108,49.59,64,73,8.3
491,Hasaki,JP,2022-09-15 05:05:11,35.7333,140.8333,77.4,61,82,10.02
492,Ambanja,MG,2022-09-15 05:05:11,-13.6833,48.45,74.37,55,99,3.74
493,Valparaiso,CL,2022-09-15 05:02:06,-33.0393,-71.6273,57.0,100,19,8.01
494,Coronado,US,2022-09-15 05:05:12,32.6859,-117.1831,70.63,84,75,4.61
495,Upernavik,GL,2022-09-15 05:05:12,72.7868,-56.1549,39.78,94,100,5.97
496,Egvekinot,RU,2022-09-15 05:05:13,66.3167,-179.1667,35.02,94,100,15.1
497,Tuatapere,NZ,2022-09-15 05:05:13,-46.1333,167.6833,47.68,76,93,14.7
498,Molepolole,BW,2022-09-15 05:05:13,-24.4066,25.4951,53.35,80,0,6.89
499,Dandong,CN,2022-09-15 05:05:14,40.1292,124.3947,67.35,89,100,4.65
500,Comodoro Rivadavia,AR,2022-09-15 05:05:14,-45.8667,-67.5,49.86,66,0,8.05
501,Seoul,KR,2022-09-15 05:04:45,37.5683,126.9778,85.39,48,100,8.95
502,Pimentel,PE,2022-09-15 05:05:15,-6.8367,-79.9342,62.15,87,55,9.37
503,Ban Tak,TH,2022-09-15 05:05:15,17.0432,99.0813,92.21,61,77,3.53
504,Andros Town,BS,2022-09-15 05:05:16,24.7,-77.7667,75.16,71,100,8.55
505,Banda Aceh,ID,2022-09-15 05:05:16,5.5577,95.3222,83.53,70,98,5.86
506,San Carlos De Bariloche,AR,2022-09-15 05:01:51,-41.1456,-71.3082,48.02,73,100,7.52
507,San Cristobal,VE,2022-09-15 05:01:45,7.7669,-72.225,64.85,94,44,1.61
508,Kipushi,CD,2022-09-15 05:05:17,-11.7667,27.2333,60.87,57,89,6.67
509,Itaituba,BR,2022-09-15 05:05:18,-4.2761,-55.9836,77.88,59,88,1.1
510,Thanh Hoa,VN,2022-09-15 05:05:18,19.8,105.7667,90.9,60,8,4.74
511,Bambanglipuro,ID,2022-09-15 05:06:18,-7.95,110.2833,82.08,71,99,16.78
512,Iralaya,HN,2022-09-15 05:06:19,15.0,-83.2333,80.24,83,35,9.91
513,Kut Chap,TH,2022-09-15 05:06:19,17.4257,102.5669,83.86,73,100,3.27
514,Rocha,UY,2022-09-15 05:06:20,-34.4833,-54.3333,45.1,95,0,1.36
515,General Cepeda,MX,2022-09-15 05:06:20,25.3833,-101.45,66.07,67,89,5.86
516,Esmeraldas,BR,2022-09-15 05:06:21,-19.7625,-44.3139,74.26,53,67,9.04
517,Baracoa,CU,2022-09-15 05:06:21,20.3467,-74.4958,79.2,86,86,2.86
518,Sitka,US,2022-09-15 05:03:31,57.0531,-135.33,52.99,90,100,3.96
519,Estelle,US,2022-09-15 05:02:14,29.8458,-90.1067,75.99,73,0,4.61
520,Ilhabela,BR,2022-09-15 05:06:22,-23.7781,-45.3581,64.51,93,99,4.34
521,Dalen,NL,2022-09-15 05:06:23,52.6992,6.7556,57.06,83,100,5.01
522,Hobyo,SO,2022-09-15 05:06:23,5.3505,48.5268,78.58,79,82,20.69
523,Cherskiy,RU,2022-09-15 05:06:23,68.75,161.3,38.75,72,83,12.55
524,Karratha,AU,2022-09-15 05:02:45,-20.7377,116.8463,85.26,23,0,13.04
525,San Juan,AR,2022-09-15 05:06:24,-31.5375,-68.5364,61.5,22,4,12.62
526,Shitanjing,CN,2022-09-15 05:06:24,39.2342,106.3439,70.48,49,11,10.56
527,Lar,IN,2022-09-15 05:06:25,26.2039,83.9717,84.76,76,98,8.25
528,Youkounkoun,GN,2022-09-15 05:06:25,12.5333,-13.1333,72.97,98,88,3.69
529,Bubaque,GW,2022-09-15 05:06:26,11.2833,-15.8333,78.24,86,100,10.65
530,Dafeng,CN,2022-09-15 05:06:26,23.4517,108.5881,90.28,55,78,2.53
531,Maldonado,UY,2022-09-15 05:06:26,-34.6667,-54.9167,49.39,91,0,4.18
532,Villamontes,BO,2022-09-15 05:06:27,-21.25,-63.5,57.9,37,9,4.99
533,Volchikha,RU,2022-09-15 05:06:27,52.0333,80.3833,55.8,34,10,10.22
534,Vaasa,FI,2022-09-15 05:06:28,63.096,21.6158,51.82,93,75,9.22
535,Nara,JP,2022-09-15 05:02:03,34.6851,135.8049,92.52,53,100,7.78
536,Tulun,RU,2022-09-15 05:06:28,54.5611,100.5792,47.84,78,100,5.79
537,Whitehorse,CA,2022-09-15 05:06:28,60.7161,-135.0538,50.31,59,99,11.99
538,Araouane,ML,2022-09-15 05:06:29,18.9048,-3.5265,93.78,27,50,7.58
539,Akyab,MM,2022-09-15 05:06:29,20.15,92.9,83.39,73,20,5.66
540,Fort Nelson,CA,2022-09-15 05:06:30,58.8053,-122.7002,53.35,56,98,1.45
541,Aswan,EG,2022-09-15 05:06:30,24.0934,32.907,83.21,29,11,14.94
542,Tchaourou,BJ,2022-09-15 05:06:31,8.8865,2.5975,70.66,99,100,3.87
543,Yar-Sale,RU,2022-09-15 05:06:31,66.8333,70.8333,53.19,66,84,22.01
544,Khani,GE,2022-09-15 05:06:31,41.9563,42.9566,53.17,68,21,2.01
545,Honningsvag,NO,2022-09-15 05:06:32,70.9821,25.9704,44.35,70,75,18.41
546,Caconda,AO,2022-09-15 05:06:32,-13.7333,15.0667,61.03,47,57,3.6
547,Surt,LY,2022-09-15 05:06:33,31.2089,16.5887,74.07,67,0,9.01
548,Kinango,KE,2022-09-15 05:06:33,-4.1372,39.3153,72.88,82,35,8.52
549,Ryotsu,JP,2022-09-15 05:06:33,38.0833,138.4333,76.53,69,100,2.77
550,La Rioja,ES,2022-09-15 05:06:34,42.25,-2.5,56.98,71,80,4.18
551,Cairns,AU,2022-09-15 05:06:34,-16.9167,145.7667,88.07,61,20,12.66
552,Bagamoyo,TZ,2022-09-15 05:06:35,-6.4333,38.9,74.46,77,95,6.73
